"","x.1","x.2","classes"
"1",-1.07634735686404,-1.10432095229626,1
"2",0.304474782718551,-1.10259289331734,1
"3",1.00562710236625,-1.07550303153694,1
"4",0.462763118862403,-1.27719817385077,1
"5",0.539408012706082,-1.22804026305676,1
"6",-0.605374574568258,-0.622506425157189,1
"7",-0.578675305311171,-0.76032699495554,1
"8",-0.595651137600992,-1.67308675199747,1
"9",-0.872891729270785,-1.72843854315579,1
"10",-0.510977071251879,-1.6156906068325,1
"11",-0.783515515397209,-0.803042316064239,1
"12",-0.122343345032506,-1.67570132501423,1
"13",-0.544246478346321,-1.28830900788307,1
"14",-0.888569206551008,-0.88452698327601,1
"15",-0.83241968597945,-1.68590429015458,1
"16",0.148604650166349,-1.06575024947524,1
"17",-0.524318401015464,-1.1050892829895,1
"18",-0.474315401077406,-1.2968040432781,1
"19",0.493442686110669,-1.32401401735842,1
"20",-0.713497188228429,-0.875264339894056,1
"21",0.605389417126191,-1.29272654056549,1
"22",-0.966857239481151,-1.29370641894639,1
"23",-0.0168268234918336,-0.898079684749246,1
"24",-0.906530920346483,-0.742572143301368,1
"25",-0.727158814021575,-0.96960861235857,1
"26",-0.534710134549763,-1.28632389493287,1
"27",-1.24925766973172,-1.19668825604022,1
"28",-1.05467874163404,-0.671461789309978,1
"29",-1.14250047344144,-1.26929603070021,1
"30",-0.499742704833686,-1.03040736466646,1
"31",1.18808977126943,-1.34494444616139,1
"32",-0.995789354542827,-1.22916839197278,1
"33",-0.846555781231626,-0.662271217256784,1
"34",-0.307889373536523,-1.60260675251484,1
"35",-0.947270208178345,-0.66610264070332,1
"36",-0.929534930484907,-0.6593206461519,1
"37",-1.09979680333089,-1.28146627023816,1
"38",-0.53038388150322,-0.912608548626304,1
"39",-1.29436795107115,-1.19587822072208,1
"40",-0.612272975630155,-1.77328589372337,1
"41",-1.02052200271414,-1.57890892103314,1
"42",-0.781127413413502,-0.639059573039413,1
"43",-1.04913144800092,-0.824543264880776,1
"44",0.680635404263656,-0.6344412419945,1
"45",-0.038631243034305,-1.64646473154426,1
"46",-0.692274111828014,-1.29479172676802,1
"47",-0.00845322371738647,-1.59048670455813,1
"48",1.28790243708112,-1.08544101081789,1
"49",-1.03809116883609,-1.42312480993569,1
"50",1.1544210423422,-1.35153226666152,1
"51",1.13729138110467,-1.14361074604094,1
"52",-0.489317381408128,-1.32980008237064,1
"53",-0.398480301469077,-1.0960357055068,1
"54",0.673176347130264,-1.19445309229195,1
"55",1.33962685845106,-1.17709962315857,1
"56",-0.16984857841768,-1.73424048796296,1
"57",-1.16424290248506,-0.739576125144959,1
"58",-0.346620410537313,-1.21179739050567,1
"59",-0.196591961451458,-1.17859555073082,1
"60",-0.188056241163547,-1.74024677760899,1
"61",-1.15636687904619,-1.08032278455794,1
"62",0.842589926173586,-1.57955471463501,1
"63",0.716890547032937,-1.16516557224095,1
"64",0.581894197401767,-1.41683877371252,1
"65",-0.435857094375695,-0.885408023744822,1
"66",-0.211676435108996,-1.2025803938508,1
"67",-1.06957000578553,-1.615165123716,1
"68",-0.0590625796767205,-1.54827112518251,1
"69",0.952116448337326,-1.08809208199382,1
"70",-0.529139136549129,-0.911889014020562,1
"71",-1.0357607146753,-0.686816675588489,1
"72",0.863992705929708,-0.785038114711642,1
"73",0.932589975112032,-0.927628447115421,1
"74",1.34591703381853,-1.07727266773582,1
"75",0.447914454324823,-1.25462499521673,1
"76",-0.508521298388299,-0.871431249380112,1
"77",0.073303977359887,-0.928316985070705,1
"78",-0.535905513515571,-1.45332279801369,1
"79",0.184763236838224,-1.65139976777136,1
"80",-0.877536716177234,-0.887101766094565,1
"81",0.386444480388166,-0.978802984952927,1
"82",-0.673881736144188,-1.56424842439592,1
"83",-1.02104925897565,-1.30072578340769,1
"84",0.841847687342112,-1.56055481098592,1
"85",0.0248557222283333,-1.30889830105007,1
"86",0.827685559388999,-1.19286576732993,1
"87",-1.09586999408055,-0.807762487605214,1
"88",0.186995956786952,-1.7604145154357,1
"89",0.695408603291635,-1.60845063999295,1
"90",-0.211456398842355,-1.70895519256592,1
"91",-0.78815426011246,-0.997411989420652,1
"92",1.33802807187818,-1.3367471370846,1
"93",0.762125362097885,-1.1810992885381,1
"94",1.29825885053045,-0.824921854585409,1
"95",0.088897901918341,-1.14540198221803,1
"96",-0.657888724597385,-1.6527316659689,1
"97",-1.21176315618335,-1.19906984567642,1
"98",0.24942207067288,-1.26791813634336,1
"99",0.27798970651296,-1.67052836865187,1
"100",-1.25534710694745,-0.903801942244172,1
"101",-0.39778208688796,-0.885666886344552,1
"102",-0.345625787888009,-0.820859665796161,1
"103",-1.3215735086141,-1.28982631973922,1
"104",0.895047004462293,-1.22838947810233,1
"105",-0.650092644282296,-1.5485802847892,1
"106",-0.364518148684788,-1.41319666467607,1
"107",1.16611653490321,-0.845048295333982,1
"108",0.662675645126473,-1.65076380185783,1
"109",-0.120294990945008,-1.63993977345526,1
"110",0.54693046226882,-0.786789922788739,1
"111",0.432307968832468,-1.43839251622558,1
"112",0.302831670230491,-0.887277649715543,1
"113",0.378693897615495,-1.60555941052735,1
"114",0.108339967380502,-1.38954581916332,1
"115",1.25208132187136,-1.3760266058147,1
"116",0.135012564277483,-0.869894772768021,1
"117",1.15192662264698,-1.00862079672515,1
"118",-0.258427569369671,-1.4478523209691,1
"119",-0.857604425270007,-1.44653695896268,1
"120",-0.422904578129265,-0.764731442555785,1
"121",-0.840355221075713,-0.721111504733562,1
"122",-0.286475011148759,-1.85479397289455,1
"123",-0.447808525209495,-1.5125112965703,1
"124",-0.202345385576087,-1.80186095312238,1
"125",0.651704580197665,-0.688289165496826,1
"126",-0.0762986403672014,-1.48231895044446,1
"127",1.19632262072583,-1.44315315894783,1
"128",-0.363067774067666,-1.60331129729748,1
"129",-1.29784276002606,-1.03189464397728,1
"130",-0.832741243811326,-0.910376185178757,1
"131",-1.02938827304055,-0.965786249935627,1
"132",0.258860339668062,-0.929926981776953,1
"133",-0.0369628815251001,-0.870956806465983,1
"134",-1.38439759495039,-1.20729392282665,1
"135",-0.110741631306322,-1.57245576791465,1
"136",0.447246608633167,-1.7262802246958,1
"137",0.889395709773731,-0.940504167973995,1
"138",1.05551527894233,-1.31937726028264,1
"139",-0.542028334971491,-1.46784480176866,1
"140",-0.219117361862277,-1.04757720381022,1
"141",-0.570460521360729,-1.7704216003418,1
"142",0.521486768057267,-1.79076443165541,1
"143",0.53415767986895,-0.916172890365124,1
"144",0.647653922292888,-1.05584248974919,1
"145",-0.927716780390371,-0.622910626977682,1
"146",0.180010015837717,-1.24160698354244,1
"147",0.51893127129129,-1.43339404277503,1
"148",0.716158332555902,-0.858728211373091,1
"149",0.205037260790805,-1.79808193184435,1
"150",0.340930467719623,-1.43453887738287,1
"151",0.770448803770615,-0.807515516877174,1
"152",1.02260564250331,-1.43293115459383,1
"153",0.0363022206461161,-0.86010028719902,1
"154",-1.02385327824975,-1.4409477725625,1
"155",-1.24264937940378,-1.41865587867796,1
"156",-0.449167034779361,-1.65903791561723,1
"157",0.455537579493813,-0.845766244828701,1
"158",-0.634704471350284,-1.0455535531044,1
"159",0.656181832381273,-1.15585527457297,1
"160",0.876723493991532,-0.688145872578025,1
"161",0.683878945938205,-1.29713350273669,1
"162",1.36112325355914,-1.21157111860812,1
"163",1.05797223251553,-1.09129717797041,1
"164",-0.683483303767489,-0.858449918031693,1
"165",0.699168911076823,-1.01119382232428,1
"166",-0.705256282699458,-1.12949923686683,1
"167",-0.301558954784451,-1.27288756705821,1
"168",-0.904774832761114,-1.79183125831187,1
"169",0.129588283070938,-1.47100665792823,1
"170",0.348840757687191,-1.18447236381471,1
"171",-1.00135161658974,-1.63716532923281,1
"172",0.032806729810575,-1.35254209823906,1
"173",0.623678150508655,-1.87268231511116,1
"174",0.0656953262636293,-1.2033262077719,1
"175",0.446766966757754,-1.50437487699091,1
"176",0.728657596435709,-0.97552813924849,1
"177",0.735297633580162,-1.84870998673141,1
"178",0.276806235847053,-0.878653141111135,1
"179",1.14978481863662,-1.60716664046049,1
"180",0.437636377715201,-1.55951259359717,1
"181",0.29442312728991,-1.14654235765338,1
"182",0.470663436374856,-0.818330726400018,1
"183",0.486029833647986,-0.74657072275877,1
"184",0.686545482605445,-0.772696953639388,1
"185",-1.03679071385009,-0.829426499083638,1
"186",1.19855974368346,-1.15208872146904,1
"187",-1.08528907972523,-0.845863251388073,1
"188",0.438183612621499,-1.56867050081491,1
"189",0.934586012734676,-1.70356267802417,1
"190",0.175588571645989,-0.809015427902341,1
"191",0.369307621363135,-1.71746116317809,1
"192",-0.689545462049765,-1.10060079991817,1
"193",-0.262778746417842,-0.822443082928658,1
"194",0.417551031808935,-1.05102250985801,1
"195",0.68955835124689,-1.27716285996139,1
"196",-0.333439037734121,-1.12190676741302,1
"197",0.69309625615626,-1.40819898433983,1
"198",0.915575502477982,-0.686655168607831,1
"199",-0.675720899626285,-1.74248349145055,1
"200",0.348726794556502,-0.771382546424866,1
"201",0.503996750350695,-0.716483302414417,1
"202",-0.719816752885621,-0.719873444363475,1
"203",0.813848031865632,-1.120280373469,1
"204",0.349091363953174,-0.813709816709161,1
"205",-0.839712650354864,-1.03495980240405,1
"206",-0.270460700768113,-1.48085970133543,1
"207",-1.22534601307492,-1.42755134105682,1
"208",0.202560433020205,-1.61737462058663,1
"209",1.2570316960778,-1.11430301740766,1
"210",-1.05883088088208,-1.14598741866648,1
"211",-0.39866667713163,-1.02018165737391,1
"212",0.385042641370144,-0.985012769326568,1
"213",-0.610283433856657,-1.8212989512831,1
"214",-0.918861480283572,-1.20313018634915,1
"215",-0.198384602379488,-1.47730117328465,1
"216",0.957677337647121,-1.76593487076461,1
"217",0.0262604870707483,-1.46805547140539,1
"218",-0.673844355007308,-0.815261698514223,1
"219",1.24487020143247,-1.49413042999804,1
"220",-0.48077448668741,-1.03627702482045,1
"221",0.772706110375365,-1.32540540583432,1
"222",0.477457648246264,-0.77918091379106,1
"223",-0.525888748704998,-1.14151700772345,1
"224",1.08728876003168,-1.12821832448244,1
"225",-0.165623479748653,-1.20390459895134,1
"226",1.22438656259751,-0.764781437814236,1
"227",-0.592957510784087,-0.750303870067,1
"228",-0.6721225021623,-1.55705946832895,1
"229",0.158561595816036,-1.7993983220309,1
"230",-0.537838335166569,-1.52994089834392,1
"231",-0.733311202522399,-1.00106346011162,1
"232",1.00449598644095,-1.37975530438125,1
"233",-0.918442706584132,-1.28608588054776,1
"234",-0.673857684051204,-0.600661951303482,1
"235",-0.551775109767294,-1.280731825158,1
"236",0.586132801572392,-1.6445550519973,1
"237",-0.0976639994132085,-0.93297763094306,1
"238",-0.296605546413781,-1.70140140466392,1
"239",1.24649337225401,-0.753355928510428,1
"240",0.360420791119499,-1.63040573634207,1
"241",0.920303844240028,-1.57525370307267,1
"242",0.111551017483236,-1.3336957719177,1
"243",1.05296432401594,-1.32107384391129,1
"244",-0.773605576262787,-1.28536815233529,1
"245",-0.505504923947515,-1.22750972248614,1
"246",-0.548968000537189,-0.916185827925801,1
"247",-1.36452362720603,-1.14217803440988,1
"248",0.593773056113281,-1.35441093035042,1
"249",-0.249153854966251,-1.07730308994651,1
"250",-1.23644603874158,-1.19069494791329,1
"251",-0.863897051583056,-1.80092769190669,1
"252",-0.124854786408532,-1.77376039512455,1
"253",-0.168597885152312,-1.55024673938751,1
"254",-1.11662005939294,-1.23420929610729,1
"255",0.336303397108573,-0.830220215767622,1
"256",-0.044061251979999,-1.05136367641389,1
"257",-0.83394791023137,-1.03679573945701,1
"258",0.146624620890206,-0.909403881430626,1
"259",-0.302437178927286,-0.762954310700297,1
"260",-0.700355289402359,-0.682268165424466,1
"261",-0.362021110668666,-1.11589045971632,1
"262",-1.30050460369693,-1.06375225037336,1
"263",-1.38200573545562,-1.17624787688255,1
"264",-0.610870711037675,-1.1231530405581,1
"265",1.18990720450456,-1.18285605981946,1
"266",0.833169264672826,-1.61920348890126,1
"267",1.0806120482299,-0.731911565735936,1
"268",0.345251113044204,-1.28282256796956,1
"269",0.226908491630594,-1.52044414766133,1
"270",-0.787700246771999,-0.998281314596534,1
"271",0.561468831127841,-1.83321217037737,1
"272",0.490950895116207,-1.26756418608129,1
"273",0.571193572065623,-1.67673918530345,1
"274",-0.892445011740651,-0.716565601527691,1
"275",-1.08681659814635,-0.70570113658905,1
"276",0.0401781439067218,-1.64288188479841,1
"277",-0.45491187345831,-1.18855677656829,1
"278",-0.879839420418204,-1.39700564742088,1
"279",0.45088898428686,-1.42745821140707,1
"280",0.16989948711337,-1.78700215518475,1
"281",1.19339646417751,-1.02228128500283,1
"282",-1.02805031949546,-1.49698146320879,1
"283",-0.550847655871901,-0.811587689071894,1
"284",-0.0832319424270307,-1.39368640705943,1
"285",-1.17137992301531,-1.50234347209334,1
"286",-0.312250073461914,-1.47552861720324,1
"287",-0.726061688909811,-0.836662937328219,1
"288",-0.311322674060811,-1.36755174547434,1
"289",-0.566610640532185,-0.814819955080748,1
"290",-0.632777162704981,-1.01929726861417,1
"291",0.589059579615123,-1.77734853439033,1
"292",0.158008288688825,-1.10237864777446,1
"293",-1.09204527599052,-1.16425573155284,1
"294",0.406389214158333,-1.79827348254621,1
"295",0.68193080360675,-0.953172565996647,1
"296",0.128161874912916,-1.06822230257094,1
"297",-1.08476200900381,-1.45640403404832,1
"298",-0.810852618913086,-0.631078926846385,1
"299",-0.63595720620531,-1.24954123049974,1
"300",0.741464537673179,-1.7969763096422,1
"301",0.0257269970516797,-1.1757582064718,1
"302",0.520802340531582,-1.69749232307076,1
"303",-0.151842032039876,-1.23403035290539,1
"304",1.17136987076498,-0.905686569213867,1
"305",0.29370329599159,-1.49568625241518,1
"306",-0.441657722881761,-1.57593670226634,1
"307",0.355289972694504,-1.08725420869887,1
"308",0.394468655637437,-1.44476114176214,1
"309",1.17286767876931,-1.37772488966584,1
"310",-0.440408257684149,-1.6902759976685,1
"311",0.772178426593173,-1.62631260603666,1
"312",-0.675799335074704,-1.34586256593466,1
"313",1.29240045223806,-0.823847194761038,1
"314",0.116290574689207,-1.37075886875391,1
"315",-0.805152276768342,-1.73097768314183,1
"316",0.253833525542214,-1.68681911788881,1
"317",0.717209895251092,-1.21752628907561,1
"318",-1.3204602278915,-1.12922504581511,1
"319",-1.10862082112013,-1.28491903692484,1
"320",-0.870945326215427,-1.28844497427344,1
"321",-0.319938189559431,-1.15813547670841,1
"322",1.17232912337622,-1.1663073182106,1
"323",0.871846513862924,-0.871947123855352,1
"324",0.299706786629232,-1.24594830460846,1
"325",-0.044681280229452,-1.51222913227975,1
"326",-0.537428965624646,-0.786839880421758,1
"327",1.01360443847558,-1.33817538097501,1
"328",-1.0540516875136,-1.05056689530611,1
"329",-0.759110080786613,-1.36369612663984,1
"330",1.07617187097716,-0.830673578381538,1
"331",0.453199192521343,-1.7338024046272,1
"332",0.257213723975629,-1.57172527126968,1
"333",-0.835253012153093,-0.996801191568375,1
"334",0.696172626864374,-1.71867660954595,1
"335",1.26211208782207,-1.16434676013887,1
"336",0.834387123830841,-0.604635995998979,1
"337",-1.17974919503487,-1.03823739215732,1
"338",-0.0479392272101289,-1.0822639297694,1
"339",0.745135234139257,-1.58803272694349,1
"340",0.940757394441873,-1.32005399875343,1
"341",-1.08572727025928,-1.53781917057931,1
"342",0.727406137655312,-1.47653625011444,1
"343",-1.21660033017916,-1.00550414472818,1
"344",0.525449903590728,-1.59763525724411,1
"345",0.385959529211905,-1.07402194701135,1
"346",-0.988146216994488,-1.42588583901525,1
"347",-0.0140341448687772,-1.50085215009749,1
"348",0.976301676710994,-0.988958621025085,1
"349",-0.396331911434495,-1.50223279595375,1
"350",-0.858872072747054,-0.848013861477375,1
"351",0.527827587433877,-1.69559652432799,1
"352",0.460953424465236,-1.33710510246456,1
"353",1.12780674460465,-1.61118452958763,1
"354",-0.158477873123981,-0.967768293246627,1
"355",1.12273401190312,-1.2790030207485,1
"356",-0.698280153966174,-0.838430313020945,1
"357",-0.841012136120985,-0.690251456573606,1
"358",-0.378054564763725,-1.66808003894985,1
"359",0.250698160872466,-1.83527906760573,1
"360",0.221799538390816,-0.834723361581564,1
"361",0.219691043366622,-1.23300057798624,1
"362",-0.299928961148024,-0.814066771790385,1
"363",0.471434557180157,-1.83906677849591,1
"364",-0.303640996074441,-1.75481065399945,1
"365",0.54899482145911,-1.84859704077244,1
"366",-0.444374101064841,-1.56700004264712,1
"367",0.376017056337468,-1.45086685679853,1
"368",1.12510119586428,-1.55552003383636,1
"369",-0.676244452871025,-1.58449837714434,1
"370",-0.598719940738919,-1.04606636837125,1
"371",0.630456479889423,-0.665803913772106,1
"372",0.664928243165049,-1.45164089463651,1
"373",-1.16394346349634,-1.42197402603924,1
"374",-1.03956936213964,-1.52840274982154,1
"375",-0.70907758451648,-1.27381572574377,1
"376",0.188279465346167,-1.38548624478281,1
"377",0.623873454152426,-1.56205109171569,1
"378",0.919245814240321,-1.57270138300955,1
"379",-0.719730127075127,-0.962433081120253,1
"380",-0.998932598827447,-0.78408539108932,1
"381",-0.328530044156222,-1.40205308534205,1
"382",0.73899360177334,-1.5224951621145,1
"383",1.16398673845021,-0.945069439336658,1
"384",-0.84154475033896,-1.80993809215724,1
"385",0.318667265937553,-1.77979901693761,1
"386",1.13940277146241,-1.59790417589247,1
"387",-0.881305259736405,-0.625886671245098,1
"388",-0.245587077814177,-1.11834409534931,1
"389",0.315148504742596,-1.36882765367627,1
"390",-0.666769904302116,-1.69443547464907,1
"391",-0.898591719211718,-1.06510327383876,1
"392",-0.925073671078002,-0.627607240900397,1
"393",0.383088090769654,-0.773717450723052,1
"394",-0.118735243692408,-1.33801591545343,1
"395",0.569928075815557,-1.35374353192747,1
"396",-0.25417776986611,-1.85749456845224,1
"397",-0.396988234178731,-1.50064979568124,1
"398",0.174372763160015,-1.6067634422332,1
"399",0.774992773832757,-0.62943124435842,1
"400",0.45968146415436,-1.61160540319979,1
"401",0.900276875990923,1.47997370250523,2
"402",0.0512642177375983,1.45443725250661,2
"403",-0.537675976564956,1.53135128132999,2
"404",-0.329016929231046,1.4487846814096,2
"405",0.821191214675727,0.980450524389744,2
"406",-0.841843498417921,1.3126885227859,2
"407",-0.919095283494656,0.935987481847406,2
"408",0.342833479696377,1.04540812522173,2
"409",0.640541498149781,0.862450265139342,2
"410",0.0132554545470655,1.68707888014615,2
"411",1.01935753693195,0.856766544654965,2
"412",0.958908675059588,0.758291501179338,2
"413",0.146702030678233,1.31017046608031,2
"414",0.514677111595768,1.41104504130781,2
"415",0.147601458289904,0.929556393250823,2
"416",-0.539746263306793,0.809466375783086,2
"417",-0.831363828615196,1.33569101504982,2
"418",-0.680044105533766,0.690559608489275,2
"419",0.377156812202737,1.49124809019268,2
"420",-0.878222226452568,0.591255356371403,2
"421",0.00696425935787656,1.03505186885595,2
"422",0.625909460741994,1.72101474553347,2
"423",1.27478546225668,0.892992909252644,2
"424",-0.41239606722343,1.1769704207778,2
"425",0.948469211014454,1.26729882881045,2
"426",1.19224417527422,1.22655379101634,2
"427",-1.25787534878341,1.26632442809641,2
"428",0.457519075574602,1.51243985742331,2
"429",-1.17603548440903,1.42468522824347,2
"430",-1.19393297084478,1.49488023109734,2
"431",0.078214049794985,1.49630024768412,2
"432",0.0629909952111415,1.56421770378947,2
"433",-0.0363513621698232,1.67870386987925,2
"434",-0.547547716499403,0.932628113403916,2
"435",-1.04352887574902,0.846520973742008,2
"436",-0.720488776472861,1.61894348599017,2
"437",0.0458182478035379,1.5387289699167,2
"438",-0.673610331872838,1.82310027219355,2
"439",-0.669316288844276,0.68610450103879,2
"440",0.52447116667577,0.887166376411915,2
"441",-0.226655118481898,1.47201157286763,2
"442",0.210691436540593,1.36165040545166,2
"443",0.930584158359257,1.0948767375201,2
"444",-0.31284268848841,1.54338076896966,2
"445",-0.114975581405064,1.84666044302285,2
"446",0.544485509116819,0.929482095316053,2
"447",0.575987125977065,1.6847771205008,2
"448",-0.567469603538386,1.2388535015285,2
"449",-1.28580443610025,1.13667139038444,2
"450",-0.731935876922803,1.49252443388104,2
"451",-1.05612872051882,1.00407786741853,2
"452",-1.06072837725817,1.1199523717165,2
"453",1.24872548562939,1.52214502766728,2
"454",-1.07906481909425,1.07902533076704,2
"455",0.949416032440095,1.7480838932097,2
"456",0.577347747849419,1.69847510717809,2
"457",-0.639396015194103,1.08686527460814,2
"458",-0.443499703199671,0.93548945710063,2
"459",-0.379502633753376,1.61296811811626,2
"460",0.824301151271663,1.61972646825016,2
"461",-0.320759528799412,1.48908470161259,2
"462",-1.35086383216154,1.1979285504669,2
"463",-0.106788084172977,1.58783908858895,2
"464",0.907865807290271,0.747504035010934,2
"465",-0.759761806548222,0.784812043979764,2
"466",-1.02432647747282,1.59498033709824,2
"467",0.279137950512676,1.42602634355426,2
"468",-0.932122410209323,1.47934287078679,2
"469",-0.00946329030804193,1.86735379956663,2
"470",1.20808181776088,0.776835718378425,2
"471",0.143091563377701,1.27812748216093,2
"472",-0.720001596220632,1.5749702308327,2
"473",-0.331987280648756,1.12824763804674,2
"474",0.808963782587951,0.680464474111796,2
"475",0.902966740755577,1.72869895249605,2
"476",0.488749504843176,1.44932903051376,2
"477",-0.230630801974429,1.80928968079388,2
"478",-1.08921259271976,1.13419990763068,2
"479",-0.579231845766269,0.932902302592993,2
"480",0.358161461089854,1.59831328205764,2
"481",-1.05257325871687,0.899660386145115,2
"482",1.18814463080117,1.56309362240136,2
"483",-0.482619714605521,1.63487042635679,2
"484",0.155188730757108,1.14542405605316,2
"485",-0.405877541966348,1.38279501907527,2
"486",-1.3290868738489,1.03383031710982,2
"487",0.865378212230455,0.976434167847037,2
"488",0.3732846918651,1.04932141937315,2
"489",0.135005811526684,0.922388789057732,2
"490",-0.648159007163169,1.60459191165864,2
"491",0.221873039511002,1.5627140879631,2
"492",-0.259816166923907,1.22351246662438,2
"493",-0.608377176225925,0.910437503829599,2
"494",1.14057942644958,1.02693172730505,2
"495",-0.399150858251672,1.36223916895688,2
"496",-0.333144864580575,0.885036285221577,2
"497",-0.381546832002502,1.45807525254786,2
"498",-0.328242351282023,0.742169522121549,2
"499",0.413680279667228,1.56010530330241,2
"500",0.699873068130542,1.78687903769314,2
"501",-0.294025659560472,1.48301488384604,2
"502",-0.900442626213362,0.797724580019713,2
"503",1.28567387491699,1.28253708779812,2
"504",0.058609154096104,1.40747162736952,2
"505",0.121725215649571,1.11341655142605,2
"506",-0.10983750875205,1.51722016967833,2
"507",0.115061003151239,1.81742927096784,2
"508",0.104053986911929,1.88938187435269,2
"509",-0.763546215730751,1.51339741125703,2
"510",0.42784166610875,1.5568099539727,2
"511",-1.00998113193102,1.6715649459511,2
"512",-1.19148781074423,0.957101596519351,2
"513",-0.13606324727913,1.24021152593195,2
"514",-1.01571603253816,0.71736465767026,2
"515",0.611190840989398,0.899670108780265,2
"516",1.24742139509574,1.15366754904389,2
"517",1.17706581509076,0.852200128883124,2
"518",-0.12580704623459,1.55336562208831,2
"519",-0.359514681469859,0.884348140656948,2
"520",0.40568125223542,0.878038036078215,2
"521",0.970946721972758,1.07480251453817,2
"522",1.3836681447611,1.0924047742039,2
"523",-0.974246187115182,1.367272875458,2
"524",-0.202759726424512,0.869825864583254,2
"525",0.372480327596529,1.09455711729825,2
"526",-0.207036086055891,1.59277961887419,2
"527",-0.30578915515703,1.41900074407458,2
"528",-0.0908011941514448,0.890777331218124,2
"529",-0.124186367229346,0.987685497105122,2
"530",-0.225576862018131,1.30211697854102,2
"531",-0.169907270714493,1.36294812485576,2
"532",0.633908164451769,1.85781405568123,2
"533",-0.286869564082411,1.63117698505521,2
"534",0.404753376009278,1.33807835243642,2
"535",0.0216146749650463,1.07553228661418,2
"536",0.122612183531024,0.85566589422524,2
"537",1.04842688678121,0.667319601029158,2
"538",-0.574447117983622,1.71643459834158,2
"539",-1.09838070886604,1.61108544841409,2
"540",-0.967039605272181,1.14057444930077,2
"541",-1.16295097066555,1.55227893777192,2
"542",-0.110431347305111,1.39751095883548,2
"543",0.784323825960633,0.831971486657858,2
"544",-1.01672603036221,0.951318132504821,2
"545",-0.24437392916856,0.834813487902284,2
"546",0.597207768299182,1.41599821038544,2
"547",-0.386435177434333,1.37485447525978,2
"548",0.790898527046054,1.64688046611846,2
"549",-0.659090886804845,1.24131198301911,2
"550",-0.77997709603579,0.725654828548432,2
"551",-0.21271920411247,1.79344651475549,2
"552",0.00735787940117924,1.29910118952394,2
"553",-0.0606023567181715,1.88329055644572,2
"554",-0.599206577994471,1.28945678956807,2
"555",-1.03641850811663,0.691251003369689,2
"556",0.890597355582916,0.83363485224545,2
"557",1.17088656479729,0.755361676588655,2
"558",1.04911462613252,1.64423375949264,2
"559",-0.153742118192237,1.02681507766247,2
"560",-0.571663360854368,1.24912018254399,2
"561",-0.256258402089452,0.852899327874184,2
"562",0.173028413671971,1.2035198867321,2
"563",-0.632722354423831,1.33260840326548,2
"564",0.655724990527651,0.744438731297851,2
"565",0.731239554072048,0.724436847493053,2
"566",1.00032060472939,1.17156693898141,2
"567",1.35907890934316,0.925473202392459,2
"568",0.218544381647548,0.854543287679553,2
"569",-0.606134259357507,0.887377207353711,2
"570",-1.24891129039938,1.31572935953736,2
"571",0.144015014537728,1.26223460584879,2
"572",-0.45926132161025,1.0590867754072,2
"573",0.439216625200795,0.916624350100756,2
"574",-0.295244780520802,1.53556522540748,2
"575",0.0406563021102087,1.65173876807094,2
"576",-1.14799670916832,1.57813365384936,2
"577",0.878088181527184,0.951320191845298,2
"578",-0.157180417918913,1.23381352052093,2
"579",-1.21399132650758,1.53638370074332,2
"580",1.16775330788884,1.53617856688797,2
"581",-0.869369618623203,0.742500760778785,2
"582",-0.539676362053471,1.30090965256095,2
"583",0.18075306624487,0.927793229371309,2
"584",-0.367782956107361,1.33957680128515,2
"585",-0.974900178282286,0.87333217188716,2
"586",-0.55709320625434,0.978734643012285,2
"587",0.539842662408744,1.40312860533595,2
"588",-0.538103894276549,0.836737326905131,2
"589",-0.92165889601743,1.53413896374404,2
"590",-0.105037078180174,1.3413796916604,2
"591",0.674214473739203,1.4601510733366,2
"592",-0.0654721818762194,1.19900864884257,2
"593",-0.0443844407481326,1.04606311507523,2
"594",-0.853187428201607,0.748287174850702,2
"595",0.287137032438775,1.11462969407439,2
"596",0.733940400733668,1.51816252656281,2
"597",0.271614069177336,1.73973017372191,2
"598",1.07403517710399,1.65399995259941,2
"599",0.941618819422259,0.84771317653358,2
"600",-0.94806716381841,1.1020857270807,2
"601",-0.393465086842151,1.40487611815333,2
"602",0.912537240146026,1.63910054564476,2
"603",0.901103724992893,0.878947323560715,2
"604",-1.29945884334616,1.32860122807324,2
"605",0.820368557841657,1.40457347743213,2
"606",0.975106348347027,1.3016520049423,2
"607",-0.846220877488574,1.77999776303768,2
"608",0.993188601566289,1.22993350997567,2
"609",0.744356339463957,1.23736986257136,2
"610",0.686061854213204,0.626945572346449,2
"611",-0.413906833840227,1.27257096022367,2
"612",0.83922244307456,0.855522245168686,2
"613",0.1237866120372,1.1660470161587,2
"614",-0.075274605073481,1.39756817556918,2
"615",1.20231416738279,0.912685037404299,2
"616",-0.460143785279117,1.07633878141642,2
"617",-1.20242749993669,0.750592716410756,2
"618",0.618562422460865,0.66009247303009,2
"619",0.881277585719345,1.57040010280907,2
"620",0.50166735298989,1.36018914952874,2
"621",-0.0944902778992885,1.87818462587893,2
"622",0.220305483356359,1.53514150939882,2
"623",-1.02013996076129,0.933266030624509,2
"624",0.695078666962635,1.78300968967378,2
"625",-0.427008100036766,1.54373826608062,2
"626",-0.75663165776054,0.914222187176347,2
"627",-0.35617785011161,0.866952372342348,2
"628",-0.380063288527388,1.02468506358564,2
"629",-0.570064212932442,0.755905481800437,2
"630",-0.444592492771653,0.960825281962753,2
"631",-0.695929769816211,1.71425412632525,2
"632",0.598474351840087,1.35949373021722,2
"633",0.707032950961774,1.5922550778836,2
"634",-0.561745585570757,1.73169859685004,2
"635",-0.972905138424147,1.01199424639344,2
"636",0.779801191061861,1.73461933396757,2
"637",0.49920325352851,1.12620453685522,2
"638",-1.08621698579349,1.30852424949408,2
"639",1.20653653679611,1.33393085487187,2
"640",-1.16350160173387,1.55158285573125,2
"641",0.113232078108292,0.986954953894019,2
"642",-1.03964176883283,0.914587016776204,2
"643",-0.409357126307813,0.765828815847635,2
"644",-0.379980859425984,0.824462046474219,2
"645",0.352773280404368,1.87587096095085,2
"646",-1.02972916466812,1.65121349692345,2
"647",-0.106339206270629,1.80675342194736,2
"648",-0.758932182229899,1.35208610035479,2
"649",0.232577456092766,1.73734973184764,2
"650",-0.841255067125684,1.21261067651212,2
"651",0.632146380266846,0.675630957260728,2
"652",-0.94767691723117,1.24564830437303,2
"653",-0.23317648457823,1.47731866985559,2
"654",0.374996794773346,0.88413645811379,2
"655",-0.0992194831363381,1.49775475636125,2
"656",-1.32398192464197,0.884596206992865,2
"657",0.76683259056617,0.647026631608606,2
"658",0.45380569905066,1.52214246243238,2
"659",-0.240830842111685,1.69210605435073,2
"660",-0.68052825421673,0.722621985524893,2
"661",0.0618426798498547,0.967696842923761,2
"662",0.207942516183858,1.48010924309492,2
"663",-0.937269118909856,1.32268152609468,2
"664",1.31380608126707,1.12441528625786,2
"665",-0.472268592292281,1.87801253013313,2
"666",-0.826571762916871,1.73692750260234,2
"667",-1.0973759197879,1.45886518359184,2
"668",-0.695978178261966,1.38323006294668,2
"669",0.162403979138482,0.933912071213126,2
"670",0.310557732518778,1.16976144686341,2
"671",0.619015720239396,1.79629278182983,2
"672",0.919248045262513,1.31260734014213,2
"673",0.280415338195363,0.982016095146537,2
"674",1.2354552183665,1.36198194697499,2
"675",1.1651113059783,1.4894217107445,2
"676",0.581759170930417,1.30846131779254,2
"677",0.516468743081945,1.68668110705912,2
"678",0.770770387552153,1.78038391806185,2
"679",-0.479464606135426,1.48693562038243,2
"680",-1.07541701087882,0.807533117383719,2
"681",0.330097700217063,1.45849491357803,2
"682",0.721538316391897,1.07947470098734,2
"683",0.908660476765113,0.798685700073838,2
"684",-0.247461189003599,1.10094691067934,2
"685",-0.695984940743888,1.6675800897181,2
"686",0.479594874736245,0.966414135321975,2
"687",-0.471435627603715,0.972965151071549,2
"688",0.0733323604514619,1.35593000948429,2
"689",-0.478838482310365,1.2715120755136,2
"690",-1.36644808009103,1.19685880988836,2
"691",-0.305494139936951,1.07421450093389,2
"692",-1.06258737471569,1.46162181794643,2
"693",0.0368147420407902,1.44029046744108,2
"694",-0.754568993731921,1.07767068445683,2
"695",-0.441605894270552,1.37781420536339,2
"696",-0.410145600300847,1.44158631786704,2
"697",1.136740700732,1.20067587792873,2
"698",-0.255905151286611,1.40900292992592,2
"699",-1.08650840503915,1.42984058223665,2
"700",0.98238604011906,1.38184084706008,2
"701",-1.18295253289805,0.873436398804188,2
"702",-0.783475146805489,1.09990207403898,2
"703",-0.8830180191711,0.655467018485069,2
"704",1.117283478721,0.79000552855432,2
"705",-0.117814826047872,1.79562247954309,2
"706",-0.7327041763511,1.51209595762193,2
"707",0.694128189229616,0.958239810913801,2
"708",-1.08328336158117,1.27090374603868,2
"709",-0.592342739936159,1.23844764903188,2
"710",1.32191761864849,0.992384380102158,2
"711",0.832901768420576,0.710132453963161,2
"712",-0.745524660068436,1.13588008135557,2
"713",0.523846040615214,1.81581462472677,2
"714",0.065981888381306,1.49988541714847,2
"715",0.0647819221639949,1.58676376380026,2
"716",1.30120075527991,1.32683126367629,2
"717",0.420352600786199,1.30510343238711,2
"718",-0.8135674128693,1.16516017615795,2
"719",1.15457929246358,1.21824600845575,2
"720",-0.315269875853051,1.77797976620495,2
"721",-0.561282668252516,1.35463203899562,2
"722",-0.860060072926467,1.66804765947163,2
"723",0.9064910863178,1.07229863889515,2
"724",-1.11242876988981,1.00051665268838,2
"725",-0.502575329068972,1.4342781599611,2
"726",0.341814767327079,1.68182987570763,2
"727",-0.120174107039458,1.42107190564275,2
"728",0.275879277590204,1.41169404238462,2
"729",-1.13109539587417,1.64246633164585,2
"730",-0.463726806270873,1.16867554411292,2
"731",-0.836299664523488,1.6614281643182,2
"732",1.04366614297369,0.895828598365188,2
"733",0.278077341765306,1.81737396866083,2
"734",-0.588400960325798,1.11181056499481,2
"735",-0.96204364788944,0.908658074960113,2
"736",0.0594693270052971,1.07497309409082,2
"737",0.774330531321873,0.723122774809599,2
"738",0.32768363754273,1.48740412928164,2
"739",-0.645272654801414,1.47653117328882,2
"740",0.58455810342202,1.39215288609266,2
"741",0.420618204659346,1.56148520261049,2
"742",0.837136385425631,0.646558355912566,2
"743",-1.06123726829513,0.806973505392671,2
"744",-0.0938935485538794,1.37332345768809,2
"745",0.331489941752588,0.869757445156574,2
"746",0.460648115662975,0.949434633553028,2
"747",-0.0924470663860609,1.45453107208014,2
"748",-0.255921670192711,0.924645192548633,2
"749",-0.141237928417837,0.891380929574371,2
"750",-0.0241032267929468,0.956592002883554,2
"751",0.125622644692575,1.19801881797612,2
"752",-0.596260931303744,1.24314761646092,2
"753",0.0896078450979486,1.73980249091983,2
"754",-0.715288309155006,0.63458859808743,2
"755",-1.0128421535302,1.60139530524611,2
"756",0.806442088500461,1.26628987230361,2
"757",0.680685293137629,0.665491584688425,2
"758",-0.599039897476648,0.877020650729537,2
"759",1.11021898814483,0.886502696946263,2
"760",-0.212713294725687,1.65919084884226,2
"761",-0.311139104854205,1.84497974812984,2
"762",-0.919138755665953,1.20434418283403,2
"763",-0.0270650660727733,1.17435884848237,2
"764",0.0749952615030364,1.81113072149456,2
"765",0.478971700739013,1.46837388910353,2
"766",0.885189749629185,1.67070458307862,2
"767",0.946063307562601,1.39791816622019,2
"768",0.993749740301497,1.39705264121294,2
"769",-0.394579799337348,1.60099368654192,2
"770",-0.924045265212456,1.2827677320689,2
"771",0.30052292750317,1.28771984912455,2
"772",-0.475198331191449,1.19118240587413,2
"773",0.884640120866565,0.776552564650774,2
"774",-0.835287233269881,0.895432237163186,2
"775",0.419008658707849,1.76608159691095,2
"776",0.44577808092998,1.83260739669204,2
"777",1.21456907043152,0.914614307135344,2
"778",0.688695380964131,0.911827480792999,2
"779",1.03924285505847,1.68991051539779,2
"780",-0.439594700099065,1.22728576026857,2
"781",0.158339211104982,1.54036017172039,2
"782",-1.17075516284499,1.34904940538108,2
"783",-0.0668001383140242,1.49131546244025,2
"784",0.110399673796392,1.14371559582651,2
"785",-0.380440742579994,1.3486944116652,2
"786",1.17805604446228,0.835946229845286,2
"787",0.769468961400055,1.29124345704913,2
"788",-0.408508619069181,0.751897520944476,2
"789",-0.939818664769591,1.43418630026281,2
"790",-0.0199526192237121,1.10637110583484,2
"791",0.796162375764649,0.854651186987758,2
"792",1.29136457546481,1.00109945498407,2
"793",0.975397473064029,0.843472640216351,2
"794",-0.715213437892666,1.01388407461345,2
"795",0.154699283801901,1.49108577743173,2
"796",1.17362247010104,1.60575949437916,2
"797",1.05849681401563,1.35809261910617,2
"798",-1.23571232956401,0.895093344524503,2
"799",-0.371320243414775,1.11670106425881,2
"800",-0.652371668807931,1.27029822766781,2
"801",-0.146882420126349,0.536600475758314,3
"802",0.305376330949366,-0.467871831357479,3
"803",0.0662858636118472,-0.2801677538082,3
"804",-0.0349413396790624,-0.496392128895968,3
"805",-0.0962075357325375,-0.319465426448733,3
"806",-0.432233356218785,-0.102718879189342,3
"807",0.118456271477044,-0.00766177140176296,3
"808",0.415824094042182,-0.410414400883019,3
"809",0.427018138859421,-0.0930532682687044,3
"810",0.194023769907653,-0.518104170821607,3
"811",-0.452947936579585,-0.0274444933980703,3
"812",-0.353041195962578,0.237846416886896,3
"813",0.0191538448445499,0.584856991656125,3
"814",0.331068717967719,-0.329776174854487,3
"815",-0.0963602995499969,0.202343741152436,3
"816",0.335223204921931,-0.25868782158941,3
"817",0.045991241466254,-0.086942327208817,3
"818",-0.311462245322764,0.162751184776425,3
"819",-0.0741883456707001,0.445410336926579,3
"820",-0.329675531387329,0.352817222010344,3
"821",-0.199447639938444,0.166438286192715,3
"822",-0.250249392259866,-0.512071895040572,3
"823",-0.503507437650114,0.0744611252099276,3
"824",0.422341887932271,0.312101459875703,3
"825",0.266817502677441,-0.298478612210602,3
"826",0.18610994014889,-0.394695532601327,3
"827",0.0691493969410658,0.546617118827999,3
"828",-0.418930689711124,0.000924585107713938,3
"829",-0.290335071925074,0.0241838064976037,3
"830",-0.079049617331475,0.06650713942945,3
"831",0.0699580069631338,0.535081449151039,3
"832",0.271718096081167,-0.393801033776253,3
"833",0.241939841397107,-0.476625221595168,3
"834",0.269819458387792,-0.1018848429434,3
"835",0.474599348846823,-0.212157221417874,3
"836",0.436531079839915,0.100001703388989,3
"837",-0.266266025416553,0.169698006100953,3
"838",0.328517190366983,-0.405743245594203,3
"839",0.209892943594605,0.478639990836382,3
"840",0.0569195089861751,-0.117289205733687,3
"841",-0.380207904987037,0.461508800368756,3
"842",0.266073559038341,0.377064158208668,3
"843",0.0304882756434381,-0.0141091626137495,3
"844",-0.166372462268919,-0.269770222250372,3
"845",0.386237965151668,0.27605550494045,3
"846",0.40737669467926,0.218835819885135,3
"847",0.370586528163403,-0.412123479880393,3
"848",-0.378270069044083,-0.0815457520075142,3
"849",0.390817486401647,0.218364387843758,3
"850",-0.326358947809786,0.155865508876741,3
"851",0.190273471176624,0.486082676611841,3
"852",0.0870800714939833,0.209586061164737,3
"853",-0.313515789806843,0.200526972580701,3
"854",-0.0276563666760921,-0.0768956456333399,3
"855",0.161908837594092,-0.14952083369717,3
"856",-0.0844744473695755,-0.157718307059258,3
"857",0.137096604332328,0.397299801651388,3
"858",-0.492407318763435,-0.176405558176339,3
"859",0.283979421760887,-0.524331500474363,3
"860",0.0983096008189022,0.234904615022242,3
"861",0.286426192335784,-0.227132303919643,3
"862",-0.191211530193686,-0.392901704180986,3
"863",0.544848128780723,-0.0282526108436286,3
"864",-0.0667215666733682,-0.582053857203573,3
"865",0.0578513156622648,-0.244697973970324,3
"866",-0.05049785412848,-0.418747466057539,3
"867",0.361570388171822,0.333355485834181,3
"868",0.0957977925427258,-0.587200295180082,3
"869",0.260650545638055,-0.0708328097127378,3
"870",0.108081088867038,-0.242084639333189,3
"871",-0.26841328907758,-0.320398751366884,3
"872",0.508164825104177,0.0865247257053852,3
"873",0.311475804168731,-0.422916811332107,3
"874",-0.549297992046922,-0.192580305878073,3
"875",0.103421416226774,0.0533088977448642,3
"876",-0.255254301801324,0.187062895763665,3
"877",-0.166709450818598,-0.478289569728076,3
"878",-0.478006434906274,-0.0149652116931975,3
"879",0.180389466695487,0.0647092530503869,3
"880",-0.066928575374186,-0.0380323480814695,3
"881",0.210610253736377,-0.1990867738612,3
"882",0.0398719701915979,-0.254227082803845,3
"883",0.365853067673743,-0.455676215048879,3
"884",0.0241886263713241,-0.0230210985057056,3
"885",-0.36594897704199,-0.450002698414028,3
"886",0.525734440516681,-0.143973377812654,3
"887",-0.536144188977778,-0.265866657346487,3
"888",-0.431196651980281,0.339700087532401,3
"889",0.517425032146275,-0.0918537257239223,3
"890",0.497824864648283,-0.159142216108739,3
"891",-0.274454087857157,-0.227763258945197,3
"892",0.0409279723651707,-0.0523569035343826,3
"893",0.426657813414931,0.0484848462045193,3
"894",0.254768312908709,-0.398510464467108,3
"895",0.0753956741653383,0.156255400087684,3
"896",-0.453387709613889,-0.296706526726484,3
"897",0.145920241624117,0.00818362617865205,3
"898",-0.0849988991394639,0.289693925343454,3
"899",-0.310169352963567,0.505422700569034,3
"900",0.115139307081699,-0.136067650839686,3
"901",0.236502338759601,0.323507968056947,3
"902",0.424087489955127,0.413180894125253,3
"903",0.171964808832854,0.547416354808956,3
"904",0.206267439108342,0.131204635463655,3
"905",-0.224874140974134,-0.139941958431154,3
"906",0.048989603575319,0.20099513316527,3
"907",-0.0456799149513245,0.119849082827568,3
"908",0.0198739207349718,-0.0577065006829798,3
"909",-0.113150953967124,0.299519281089306,3
"910",0.0245808854699135,0.132386244088411,3
"911",0.162500909809023,-0.288524156715721,3
"912",0.00145024135708809,-0.245590725447983,3
"913",-0.22655012793839,-0.295912932883948,3
"914",-0.191450067702681,-0.454325572215021,3
"915",0.0564585434272885,-0.164273105934262,3
"916",-0.034038117248565,-0.528261142875999,3
"917",0.15136714540422,-0.355379480682313,3
"918",0.30937415510416,-0.0686748669482767,3
"919",0.35462644463405,0.123795825708657,3
"920",-0.165154283400625,-0.332781151961535,3
"921",-0.0119415764696896,-0.0401387063786387,3
"922",0.472137137968093,-0.336591980326921,3
"923",0.275257202144712,-0.274881075136364,3
"924",0.162792489118874,-0.524450257793069,3
"925",0.479499736055732,-0.299699799343944,3
"926",-0.28154382314533,-0.392957020271569,3
"927",0.0120930246077478,-0.366401210613549,3
"928",-0.118350010178983,0.463294345233589,3
"929",0.0644320939667523,-0.24416884901002,3
"930",-0.0699660323560238,0.530005544889718,3
"931",0.0646349469199777,0.413375081028789,3
"932",0.0321657529100776,0.303318100143224,3
"933",-0.302561421599239,0.152471825201064,3
"934",-0.194634796399623,0.376252606417984,3
"935",-0.530041179154068,0.163278263155371,3
"936",0.19073443422094,0.177279122080654,3
"937",0.187104615010321,0.509316982235759,3
"938",0.154677516315132,-0.265499954111874,3
"939",0.0929150015115738,-0.106212041527033,3
"940",0.034182252176106,-0.499669573176652,3
"941",0.538762180320918,-0.124920469522476,3
"942",0.156522636394948,-0.0677392984740436,3
"943",0.208813631907105,-0.26643204074353,3
"944",0.224382590129971,-0.548218472488225,3
"945",-0.246373134478927,-0.434237547498196,3
"946",-0.0286187290214002,0.106948341988027,3
"947",-0.228687893785536,-0.0388088280335069,3
"948",0.178708811290562,0.401554676145315,3
"949",0.190555535908788,0.532655069231987,3
"950",0.318466955423355,-0.0605582144111395,3
"951",-0.383861262816936,-0.00641088467091322,3
"952",-0.065469304472208,-0.123561141360551,3
"953",0.530748202186078,0.0296031092293561,3
"954",-0.222507502231747,0.268561763316393,3
"955",-0.166981262806803,0.551125962194055,3
"956",0.274971254356205,-0.415643163118511,3
"957",-0.273305153846741,-0.288526587747037,3
"958",0.446052092593163,-0.233691708371043,3
"959",0.196390052977949,0.338763454277068,3
"960",0.0428129710257053,0.30327555667609,3
"961",-0.533130609523505,0.134556763339788,3
"962",-0.162920493353158,0.21414187559858,3
"963",-0.135029541235417,-0.0130681668408215,3
"964",0.292279316112399,0.0514249856583774,3
"965",0.313153652753681,0.251220410596579,3
"966",0.511652196664363,-0.223969881422818,3
"967",-0.526502266712487,0.194431466236711,3
"968",0.361491534300148,-0.191522276122123,3
"969",0.155582699552178,0.352394049335271,3
"970",-0.171464811544865,-0.360469573270529,3
"971",-0.0560928379185498,0.2807517263107,3
"972",-0.432574830483645,-0.0493748526088893,3
"973",0.438755724951625,-0.115188651066273,3
"974",-0.0545302826911211,0.401205122005194,3
"975",-0.0111518933437765,0.438509550131857,3
"976",-0.322634844202548,0.492259225621819,3
"977",-0.491953183338046,0.243122704513371,3
"978",-0.498160880338401,0.0255815064534545,3
"979",-0.0710948506370187,0.0238408299162984,3
"980",-0.573103916365653,0.0380311251617968,3
"981",-0.528682870231569,-0.00135340830311179,3
"982",-0.0849161569029093,-0.174331426341087,3
"983",0.495249552838504,0.287732897512615,3
"984",0.540510444995016,0.031356512568891,3
"985",0.0570651230402291,0.42194572230801,3
"986",0.0017332948744297,0.523400986846536,3
"987",0.0934421447105706,0.435271752811968,3
"988",0.301998347137123,0.237737378384918,3
"989",0.0226814221590757,-0.187228814419359,3
"990",0.276112520322204,0.34692456163466,3
"991",-0.0810026351362467,-0.303928129188716,3
"992",0.107166925817728,0.122841951437294,3
"993",0.376694181840867,0.348825448472053,3
"994",-0.0704111334867775,-0.0642849619500339,3
"995",0.209506287518889,-0.303290708642453,3
"996",-0.533665760233998,0.0478433487005532,3
"997",-0.0890813821926713,0.0541175630874932,3
"998",0.257830079365522,-0.0498030471615493,3
"999",0.0775373501703143,-0.212516123056412,3
"1000",-0.0325510698370636,-0.284334262087941,3
